,NE,SW
LAT,42.013261,40.811455
LONG,-89.331177,-91.099571
